,agent,pattern,n,sla_compliance_mean,sla_compliance_std,sla_compliance_ci95,avg_cost_mean,avg_cost_std,avg_cost_ci95,churn_mean,churn_std,churn_ci95,avg_latency_mean,avg_latency_std,avg_latency_ci95,p99_latency_mean,p99_latency_std,p99_latency_ci95,max_latency_mean,max_latency_std,max_latency_ci95,severity_mean,severity_std,severity_ci95,cpu_util_mean,cpu_util_std,cpu_util_ci95,reward_mean,reward_std,reward_ci95,composite_mean,composite_std,composite_ci95,reaction_time_mean,reaction_time_std,over_provisioning_mean,over_provisioning_std,over_provisioning_ci95,under_provisioning_mean,under_provisioning_std,under_provisioning_ci95,settling_time_mean,settling_time_std,settling_time_ci95,action_entropy_mean,action_entropy_std,action_entropy_ci95,replica_fairness_mean,replica_fairness_std,replica_fairness_ci95,reaction_time_ci95
0,HPA,diurnal,20,95.45833333333334,1.3646272759765523,"[94.833, 96.042]",0.49191203954209817,0.12998618202473844,"[0.437, 0.545]",49.05,8.475816992137721,"[45.550, 52.900]",1423.404235419152,949.0278415974992,"[1046.437, 1859.584]",36584.73948289037,15991.530175594733,"[29906.541, 43583.650]",40206.47120105375,16171.934131533779,"[33379.467, 47343.908]",28106.97570080695,10551.6154361678,"[23619.974, 32697.673]",0.4694962339985033,0.007755403895336903,"[0.466, 0.473]",-66.14850293935864,18.330655361874044,"[-74.179, -58.416]",0.9721784054495964,0.01764967744757356,"[0.964, 0.978]",,0.0,1.975176698301698,0.018101512877635322,"[1.967, 1.983]",0.030416666666666668,0.008666582320777149,"[0.027, 0.034]",5.45,1.637552731171861,"[4.750, 6.200]",1.6693773343737432,0.18451580265174744,"[1.585, 1.746]",0.8502262449497205,0.007051554587360872,"[0.847, 0.853]",
1,HPA,double_peak,20,95.29166666666667,2.2825776698096076,"[94.208, 96.208]",0.7789424545839317,0.22674440485077813,"[0.684, 0.874]",146.5,13.49658826284784,"[140.599, 152.100]",1131.26031234579,1018.6661845290336,"[744.085, 1614.604]",26217.330542097647,14468.93380027662,"[20226.797, 32616.026]",28827.622614631167,13765.897498280518,"[22941.606, 34897.678]",19782.478939108078,9009.640807991005,"[15847.230, 23697.094]",0.47625985833420836,0.04330705542699528,"[0.459, 0.495]",-86.22,33.336980730271996,"[-101.111, -72.748]",0.8525163027761737,0.15139246995328642,"[0.786, 0.914]",1.0,0.0,2.290587933261907,0.14497038845267424,"[2.227, 2.348]",0.03333333333333334,0.01553151860493489,"[0.027, 0.040]",5.65,2.7390932037715268,"[4.550, 6.950]",2.390240025222888,0.23519588285623863,"[2.287, 2.486]",0.9045576670529206,0.015858902321349413,"[0.898, 0.912]","[1.000, 1.000]"
2,HPA,flash_crowd,20,96.83333333333334,1.196974744099345,"[96.292, 97.333]",0.7268648987003221,0.18652830135224133,"[0.650, 0.806]",54.0,4.230217115244236,"[52.199, 55.851]",707.4230205796015,541.5155807166959,"[491.989, 949.752]",22244.41540265179,12250.514847543927,"[16976.746, 27515.358]",24963.351240365806,12457.754521288782,"[19729.500, 30433.464]",18952.076767787086,9063.057457113004,"[14993.239, 22808.801]",0.5375780085462711,0.0578699797891282,"[0.514, 0.563]",-61.754999999999995,17.379695503358903,"[-69.384, -54.491]",0.8933356434778406,0.11297830511431198,"[0.843, 0.939]",2.0384615384615383,0.8770580193070292,1.8703312149842553,0.125020885288311,"[1.815, 1.922]",0.050416666666666665,0.07824252855611072,"[0.023, 0.090]",3.75,1.4823523268955432,"[3.100, 4.400]",1.5085221950901804,0.1500452438965948,"[1.441, 1.574]",0.8336896043834061,0.032713607537932704,"[0.820, 0.848]","[1.577, 2.462]"
3,HPA,gradual_ramp,20,99.12500000000001,0.9158688713313081,"[98.708, 99.500]",0.7303577566369388,0.1979543521126228,"[0.648, 0.813]",48.6,7.465006081007147,"[45.399, 51.700]",87.16090359423956,145.6067072268178,"[32.837, 154.484]",2590.0094225535317,5740.19430765421,"[299.131, 5243.651]",4946.9729608893995,6986.314341281948,"[2224.879, 8054.414]",3929.707062588567,5345.894618508227,"[1786.231, 6309.043]",0.5341379958028531,0.043213260466095894,"[0.517, 0.554]",-31.551683868101424,14.64802474209814,"[-37.962, -25.811]",0.8995975589466904,0.11996623744692984,"[0.847, 0.948]",1.0,1.6733200530681511,1.8122273638116162,0.09178177486672853,"[1.771, 1.849]",0.018333333333333333,0.03239919138403274,"[0.007, 0.035]",1.6153846153846154,0.9607689228305227,"[1.154, 2.154]",1.6151319761627128,0.2060737469655048,"[1.521, 1.702]",0.8618644551745309,0.026131099962820373,"[0.851, 0.873]","[0.000, 2.333]"
4,HPA,noisy,20,92.33333333333333,2.2229530961845025,"[91.417, 93.333]",0.7195495321325771,0.20202611657052755,"[0.636, 0.803]",166.7,27.718699749257247,"[153.450, 177.451]",2632.552108392082,1831.6939877189957,"[1870.283, 3409.670]",59898.50722643004,46710.27896777668,"[41195.012, 80258.248]",102105.18646948843,88203.83792043646,"[68247.099, 143140.495]",32180.855954311024,20541.38048039744,"[23842.796, 40906.758]",0.31803837461561113,0.020885533583426076,"[0.310, 0.328]",-119.68962901781121,30.973472697393962,"[-132.515, -106.145]",0.8704927479211217,0.12065878164259938,"[0.817, 0.920]",4.635455781097892,1.9274073352971275,4.652347244280903,0.3782460797494177,"[4.503, 4.826]",0.06166666666666666,0.01631201616431976,"[0.055, 0.068]",6.3,2.811629982393618,"[5.199, 7.500]",2.393878237809787,0.15872195102203543,"[2.324, 2.460]",0.9080240533281054,0.026013539751893102,"[0.897, 0.920]","[3.838, 5.518]"
5,HPA,sawtooth,20,98.70833333333333,1.1621151818586792,"[98.167, 99.167]",0.6698843379364429,0.19992318418041116,"[0.589, 0.755]",110.25,10.482441459286497,"[105.700, 114.551]",117.08331411215372,175.48629354434797,"[53.207, 202.297]",3243.014307258826,5667.796359503958,"[1017.311, 5780.170]",6451.852977300494,6894.301343194433,"[3663.762, 9591.398]",4615.899106088005,4573.049000618311,"[2784.048, 6737.996]",0.4546247618336715,0.013386937217327057,"[0.450, 0.461]",-35.938488955549715,18.439520274565027,"[-44.167, -28.425]",0.9200206014625844,0.10361949774595529,"[0.875, 0.963]",6.076923076923077,11.600729420037478,2.667707881674068,0.10234370806289068,"[2.617, 2.707]",0.011666666666666667,0.01025978352085154,"[0.007, 0.016]",2.066666666666667,1.2227992865708155,"[1.533, 2.667]",2.3719189149584565,0.1755731848205385,"[2.292, 2.443]",0.900299093491381,0.009568280223396198,"[0.897, 0.905]","[0.462, 13.156]"
6,HPA,steady,20,96.83333333333334,1.2565617248750844,"[96.292, 97.375]",0.3892909620529373,0.1386440324290233,"[0.335, 0.454]",42.4,11.793843175237887,"[37.499, 47.150]",710.9779167223498,614.3959031995323,"[473.147, 988.263]",21924.90104186971,14112.821729224941,"[16139.155, 28288.559]",25043.805364132317,14914.614271852608,"[19076.483, 31738.232]",18535.91837652075,9975.710238283671,"[14386.367, 22909.066]",0.4416607020781796,0.008017191202958676,"[0.438, 0.445]",-43.504999999999995,19.916128481314097,"[-52.071, -35.166]",0.9793270434037533,0.019941322823347162,"[0.969, 0.986]",6.40187969924812,5.29678957770919,2.098124503968254,0.02759669791909469,"[2.086, 2.110]",0.023750000000000004,0.008234057784734036,"[0.020, 0.028]",3.8,1.5078740698501039,"[3.150, 4.450]",1.5074876264337542,0.29423760064762494,"[1.383, 1.630]",0.9800365838176941,0.005027052441904635,"[0.978, 0.982]","[4.281, 8.850]"
7,Fixed-5,diurnal,20,8.125,12.309587738523076,"[3.166, 13.833]",0.33825667686968364,0.07822445869749149,"[0.307, 0.372]",7.85,2.300457620378584,"[6.950, 8.851]",661588.8690270481,415211.6926455899,"[489994.322, 841944.851]",1566600.883726282,926940.8355799756,"[1185722.603, 1967430.794]",1568088.0720063257,927972.9750293324,"[1187018.447, 1969162.891]",683749.3769570608,391379.7455100586,"[523542.627, 854525.909]",0.8314031320009707,0.055414517721937,"[0.808, 0.855]",-1155.8491184600482,159.01478298454305,"[-1220.146, -1082.320]",0.540625,0.061547938692615364,"[0.516, 0.569]",,0.0,1.0174454330391831,0.17431391000410357,"[0.944, 1.093]",0.5845833333333333,0.09467839530754468,"[0.545, 0.626]",110.7,13.936321345017088,"[104.299, 116.301]",0.37666946969461673,0.08586258430502931,"[0.338, 0.413]",0.9920276758787212,0.004931346065037132,"[0.990, 0.994]",
8,Fixed-5,double_peak,20,0.4166666666666667,0.7404360971988654,"[0.125, 0.750]",0.33825667686968364,0.07822445869749149,"[0.307, 0.372]",7.85,2.300457620378584,"[6.950, 8.851]",1078973.688972333,202467.8817500425,"[993426.453, 1165761.220]",3766886.8205157546,716377.049127608,"[3457103.086, 4072215.374]",3951244.535486487,768490.1480805983,"[3617371.551, 4278540.755]",1082313.0417652063,198134.4180804429,"[998773.802, 1167428.900]",0.977855050989727,0.021981591461519238,"[0.968, 0.987]",-1254.2811282383973,9.294908800144437,"[-1257.953, -1250.053]",0.5020833333333334,0.003702180485994313,"[0.501, 0.504]",,0.0,0.5750552754732847,0.09962137052182872,"[0.531, 0.617]",0.9020833333333333,0.09231726853723216,"[0.863, 0.940]",120.0,0.0,"[120.000, 120.000]",0.37666946969461673,0.08586258430502931,"[0.338, 0.413]",0.9920276758787212,0.004931346065037132,"[0.990, 0.994]",
9,Fixed-5,flash_crowd,20,19.333333333333336,12.610911454740226,"[13.999, 24.375]",0.33825667686968364,0.07822445869749149,"[0.307, 0.372]",7.85,2.300457620378584,"[6.950, 8.851]",973942.579694936,107412.52805783876,"[929758.392, 1020607.129]",5135304.971333135,574311.0801951995,"[4900264.993, 5398213.206]",5764308.655297061,744774.2920768985,"[5447022.971, 6094783.237]",1217138.2232189667,92731.87063599282,"[1179048.889, 1255009.891]",0.9496657541267369,0.038311118498742955,"[0.933, 0.966]",-1012.957355746451,158.00922814128796,"[-1079.211, -950.203]",0.5966666666666666,0.06305455727370111,"[0.570, 0.622]",,0.0,0.6030266272824492,0.1025391108003202,"[0.559, 0.647]",0.8012499999999999,0.14155762057028393,"[0.743, 0.863]",43.8,57.37466890169344,"[20.349, 67.400]",0.37666946969461673,0.08586258430502931,"[0.338, 0.413]",0.9920276758787212,0.004931346065037132,"[0.990, 0.994]",
10,Fixed-5,gradual_ramp,20,15.041666666666668,6.036408782890043,"[12.417, 17.583]",0.33825667686968364,0.07822445869749149,"[0.307, 0.372]",7.85,2.300457620378584,"[6.950, 8.851]",419007.6257716562,86982.46159477907,"[382706.382, 456412.373]",1123477.2406721334,140328.66481167328,"[1064804.476, 1183255.249]",1140107.57972284,144798.8871239086,"[1077742.790, 1202833.340]",488634.07845584006,67288.13478493625,"[460124.736, 517710.070]",0.9580935012007487,0.019243156813907123,"[0.950, 0.966]",-1063.1606650143663,76.48005578925451,"[-1095.980, -1031.580]",0.5752083333333332,0.030182043914450226,"[0.562, 0.588]",0.0,0.0,0.5720178285488221,0.09583795463371628,"[0.530, 0.613]",0.8787499999999999,0.04847642159124783,"[0.858, 0.900]",34.55,46.34024623426845,"[15.550, 54.554]",0.37666946969461673,0.08586258430502931,"[0.338, 0.413]",0.9920276758787212,0.004931346065037132,"[0.990, 0.994]","[0.000, 0.000]"
11,Fixed-5,noisy,20,12.333333333333334,13.763881881375053,"[6.791, 18.251]",0.33825667686968364,0.07822445869749149,"[0.307, 0.372]",7.85,2.300457620378584,"[6.950, 8.851]",435804.6228716796,409210.60335617367,"[265960.858, 608342.242]",2170783.617321589,1997140.6953738604,"[1360849.651, 3059440.742]",3140333.4725573063,3364114.75343337,"[1790375.227, 4628116.901]",451681.41163252806,400474.51210343034,"[285574.543, 620317.266]",0.7612332726901543,0.06636312062678021,"[0.733, 0.790]",-1099.4898259796457,178.81219487017952,"[-1171.909, -1022.983]",0.5616666666666666,0.06881940940687527,"[0.534, 0.591]",0.1388888888888889,0.33455657903434427,1.248628268395604,0.2099349356575057,"[1.159, 1.340]",0.4866666666666667,0.11854379603736068,"[0.436, 0.539]",77.3,51.06971499307279,"[54.646, 98.151]",0.37666946969461673,0.08586258430502931,"[0.338, 0.413]",0.9920276758787212,0.004931346065037132,"[0.990, 0.994]","[0.000, 0.306]"
12,Fixed-5,sawtooth,20,6.916666666666666,3.1192198004858023,"[5.542, 8.209]",0.33825667686968364,0.07822445869749149,"[0.307, 0.372]",7.85,2.300457620378584,"[6.950, 8.851]",682918.7778971437,215277.39197871686,"[592621.198, 775821.272]",3298689.4976996207,964415.2707448358,"[2894266.957, 3724973.785]",4654141.147437042,1479437.8628885287,"[4051546.254, 5297388.235]",727107.6420933456,206671.00685409986,"[638823.318, 817379.665]",0.922123769922582,0.032128059298251924,"[0.908, 0.936]",-1170.483145483229,40.168772070313494,"[-1187.931, -1153.321]",0.5345833333333333,0.015596099002429014,"[0.528, 0.541]",0.0,0.0,0.7508652864235295,0.12732217490072942,"[0.697, 0.805]",0.7887499999999997,0.0708281731866569,"[0.759, 0.819]",45.95,56.097166642025314,"[23.299, 69.551]",0.37666946969461673,0.08586258430502931,"[0.338, 0.413]",0.9920276758787212,0.004931346065037132,"[0.990, 0.994]","[0.000, 0.000]"
13,Fixed-5,steady,20,61.29166666666667,45.84846241530847,"[40.998, 80.293]",0.33825667686968364,0.07822445869749149,"[0.307, 0.372]",7.85,2.300457620378584,"[6.950, 8.851]",52080.691035917305,117321.9599764007,"[9544.065, 109405.244]",117405.85136898323,241041.95071414363,"[30117.713, 235533.679]",122192.32703663218,242415.34513037864,"[34451.164, 240959.562]",58944.446672211445,114324.42403270994,"[17989.155, 115294.623]",0.8519307152253681,0.1101053125571865,"[0.805, 0.899]",-475.3142965064343,580.469546129651,"[-728.112, -235.573]",0.8064583333333335,0.22924231207654236,"[0.705, 0.901]",0.0,0.0,1.0440853174603175,0.17059165166682225,"[0.971, 1.115]",0.4241666666666667,0.39339298536663375,"[0.261, 0.597]",43.95,57.267125684903434,"[20.499, 67.650]",0.37666946969461673,0.08586258430502931,"[0.338, 0.413]",0.9920276758787212,0.004931346065037132,"[0.990, 0.994]","[0.000, 0.000]"
14,Fixed-10,diurnal,20,87.08333333333333,19.6840912996358,"[78.207, 94.626]",0.3461085210938912,0.08088440223757724,"[0.313, 0.381]",14.75,2.2448772091610105,"[13.750, 15.650]",10863.413652955398,30776.092375759934,"[1039.817, 26526.839]",54982.39164092681,83261.69948042987,"[26652.193, 95985.188]",58801.723048058186,82139.39124641738,"[30925.456, 99372.261]",33186.00281244509,41479.93713293064,"[19341.755, 54013.339]",0.5602229202803004,0.0939396030600067,"[0.522, 0.601]",-160.6318740865883,245.10408770392803,"[-272.537, -66.881]",0.9354166666666668,0.09842045649817902,"[0.891, 0.973]",,0.0,2.0146347483534983,0.3453646551110107,"[1.869, 2.163]",0.13958333333333334,0.15723011314481766,"[0.075, 0.208]",11.75,22.557237139517355,"[4.200, 22.850]",0.4378048559150279,0.05466130058414552,"[0.415, 0.461]",0.9870622913349107,0.0034088724246865063,"[0.986, 0.989]",
15,Fixed-10,double_peak,20,19.083333333333336,18.596398129525323,"[11.374, 27.210]",0.3461085210938912,0.08088440223757724,"[0.313, 0.381]",14.75,2.2448772091610105,"[13.750, 15.650]",191541.2624756976,224347.48072932847,"[101249.160, 291535.477]",627585.1533356265,788012.9395664408,"[314170.546, 982598.974]",641869.7030087131,805599.2884877349,"[320217.227, 1004127.448]",200403.7557339743,219170.40900767533,"[112544.660, 297693.232]",0.8248708583253928,0.059589844244484665,"[0.800, 0.851]",-1012.2706278344,240.4029892317864,"[-1112.852, -906.551]",0.5954166666666666,0.0929819906476266,"[0.557, 0.636]",1.0,0.0,1.124185929986959,0.19320561902876612,"[1.040, 1.206]",0.5641666666666667,0.1060694630614865,"[0.520, 0.609]",63.9,53.99112987577827,"[41.996, 86.300]",0.4378048559150279,0.05466130058414552,"[0.415, 0.461]",0.9870622913349107,0.0034088724246865063,"[0.986, 0.989]",
16,Fixed-10,flash_crowd,20,30.666666666666668,2.0519567041703066,"[29.792, 31.542]",0.3461085210938912,0.08088440223757724,"[0.313, 0.381]",14.75,2.2448772091610105,"[13.750, 15.650]",519432.8349429842,156185.42753249462,"[453240.965, 586843.757]",2440935.6039174227,985368.0009575359,"[2019417.120, 2869696.724]",2599055.6154949646,1079342.2664945216,"[2145375.409, 3067407.907]",743648.4226651296,204023.96329402912,"[655991.042, 831445.751]",0.7871229884835829,0.04974374450625546,"[0.767, 0.809]",-871.920947060047,25.96549478392889,"[-883.189, -861.187]",0.6533333333333333,0.010259783520851539,"[0.649, 0.658]",,0.0,1.1771800622248851,0.20209297281971828,"[1.090, 1.263]",0.5591666666666667,0.057411258752782524,"[0.535, 0.584]",3.35,1.1821033884786185,"[2.850, 3.850]",0.4378048559150279,0.05466130058414552,"[0.415, 0.461]",0.9870622913349107,0.0034088724246865063,"[0.986, 0.989]",
17,Fixed-10,gradual_ramp,20,43.708333333333336,11.315113708912255,"[38.833, 48.459]",0.3461085210938912,0.08088440223757724,"[0.313, 0.381]",14.75,2.2448772091610105,"[13.750, 15.650]",120724.84400550055,70386.24501270687,"[91877.744, 151544.434]",498743.1093619097,190050.858874956,"[419877.760, 580794.232]",508663.8412143591,193499.4621766942,"[428816.998, 592703.441]",199456.44931402776,78893.4433001932,"[166964.946, 233834.122]",0.8379133962882749,0.050468318380548806,"[0.817, 0.860]",-700.4526541026308,143.94851990011188,"[-762.823, -639.551]",0.7185416666666666,0.05657556854456127,"[0.694, 0.742]",0.0,0.0,1.1021025270230056,0.1876637383022772,"[1.021, 1.181]",0.6204166666666666,0.0970122000526961,"[0.579, 0.663]",17.9,26.29768851159036,"[6.999, 30.201]",0.4378048559150279,0.05466130058414552,"[0.415, 0.461]",0.9870622913349107,0.0034088724246865063,"[0.986, 0.989]",
18,Fixed-10,noisy,20,76.12500000000001,15.158217716060333,"[69.082, 82.333]",0.3461085210938912,0.08088440223757724,"[0.313, 0.381]",14.75,2.2448772091610105,"[13.750, 15.650]",11415.040980864811,17125.351793537684,"[5088.310, 19937.332]",143301.14229470765,161599.85681163572,"[80576.419, 214551.887]",210859.15643924047,201120.91982521318,"[135554.345, 301361.064]",35267.3093058579,27749.093228087655,"[24315.579, 48369.689]",0.5121922359539355,0.07496591770156874,"[0.481, 0.545]",-295.8992604197299,189.59778841003543,"[-384.035, -219.715]",0.880625,0.07579108858030167,"[0.845, 0.912]",0.05,0.15389675281277312,2.386608141567673,0.3943589316479026,"[2.222, 2.553]",0.16583333333333333,0.07746438532740091,"[0.134, 0.200]",5.85,3.572924498738283,"[4.400, 7.400]",0.4378048559150279,0.05466130058414552,"[0.415, 0.461]",0.9870622913349107,0.0034088724246865063,"[0.986, 0.989]","[0.000, 0.125]"
19,Fixed-10,sawtooth,20,62.0,25.766608792291056,"[50.917, 72.584]",0.3461085210938912,0.08088440223757724,"[0.313, 0.381]",14.75,2.2448772091610105,"[13.750, 15.650]",43465.0493540393,84307.8438631944,"[13303.767, 84970.893]",351317.9750561784,519599.74113738,"[155098.333, 595404.274]",416912.5872280894,691491.2490935753,"[166732.648, 756628.800]",61919.271769282095,91771.58848221571,"[27785.808, 105630.461]",0.7312748305191022,0.07771274711772615,"[0.698, 0.765]",-461.1862463766632,328.57517792542194,"[-603.148, -325.673]",0.8099999999999999,0.12883304396145528,"[0.755, 0.863]",0.0,0.0,1.463464775599644,0.24365394160296064,"[1.359, 1.565]",0.4,0.15121341566151925,"[0.336, 0.464]",3.15,5.029125695700785,"[1.550, 5.600]",0.4378048559150279,0.05466130058414552,"[0.415, 0.461]",0.9870622913349107,0.0034088724246865063,"[0.986, 0.989]","[0.000, 0.000]"
20,Fixed-10,steady,20,97.20833333333334,0.985086157065513,"[96.792, 97.625]",0.3461085210938912,0.08088440223757724,"[0.313, 0.381]",14.75,2.2448772091610105,"[13.750, 15.650]",571.3564067988967,444.60621896887346,"[398.989, 766.614]",19627.7015944499,12263.252271552874,"[14535.357, 24787.702]",24736.989686075867,12158.931347064481,"[19641.216, 30116.774]",17467.741858245055,8313.647919869336,"[13970.459, 21136.173]",0.45771466794279264,0.08777805219887673,"[0.422, 0.496]",-35.462491101822614,13.559240364136887,"[-40.901, -29.538]",0.9860416666666669,0.004925430785327573,"[0.984, 0.988]",0.0,0.0,2.072288690476191,0.3405255306053633,"[1.924, 2.213]",0.01916666666666667,0.007694837640638655,"[0.016, 0.023]",3.35,1.1821033884786185,"[2.850, 3.850]",0.4378048559150279,0.05466130058414552,"[0.415, 0.461]",0.9870622913349107,0.0034088724246865063,"[0.986, 0.989]","[0.000, 0.000]"
21,Reactive,diurnal,20,94.66666666666666,1.515031893204534,"[94.000, 95.292]",0.4541040679726893,0.13774636816030178,"[0.398, 0.515]",18.3,3.404331606088121,"[16.800, 19.701]",1606.5064845946204,1008.7319948224967,"[1209.767, 2074.779]",38141.02984890264,15975.596038393127,"[31531.438, 45355.162]",40906.5705189123,15861.740957491906,"[34295.247, 48023.995]",27424.64048690726,9865.38401047494,"[23333.057, 31795.944]",0.5151730004789568,0.03060787601624265,"[0.502, 0.527]",-73.56906934371523,22.432531870828196,"[-82.860, -63.648]",0.969997699805703,0.016377059695157414,"[0.962, 0.976]",,0.0,1.9273055671180674,0.08504057325344665,"[1.894, 1.967]",0.03375,0.008322361197787124,"[0.030, 0.037]",6.4,1.8180382718454353,"[5.650, 7.200]",0.6015503902150546,0.08314517892261365,"[0.563, 0.635]",0.9129179623801716,0.02275813381311501,"[0.903, 0.922]",
22,Reactive,double_peak,20,93.70833333333334,3.3603619096375184,"[92.249, 95.083]",0.6816844300401007,0.19000297115575066,"[0.602, 0.761]",69.35,5.887319111088636,"[66.650, 71.850]",1440.6822765155596,1440.7940529980597,"[893.717, 2132.656]",26790.86670190552,14628.961417372118,"[20705.191, 33223.248]",29051.95211831759,14729.221921599406,"[22955.049, 35805.992]",18599.5793562838,9121.02491456422,"[14842.313, 22815.543]",0.5470918448927609,0.0159121567034981,"[0.541, 0.555]",-98.57433168220048,47.72255065318919,"[-119.910, -78.859]",0.8934011289783401,0.10743185476562418,"[0.845, 0.938]",10.0,1.4142135623730951,2.120870302936446,0.08109871495253362,"[2.084, 2.156]",0.06708333333333331,0.028288793681477766,"[0.055, 0.079]",7.6,4.0183788299577525,"[5.950, 9.400]",1.3707565011961764,0.056705391433714586,"[1.346, 1.394]",0.9434168675054391,0.008181316328103334,"[0.940, 0.947]","[9.000, 11.000]"
23,Reactive,flash_crowd,20,91.83333333333334,7.763876465901411,"[87.958, 94.626]",0.6900082196221988,0.21176149098520572,"[0.604, 0.781]",37.25,4.302691935839335,"[35.400, 39.050]",1054.0635356819987,1256.9253678302312,"[609.301, 1680.559]",22259.51867614007,11989.858677303282,"[17328.789, 27683.051]",25599.866351087003,12934.695646180076,"[20312.669, 31489.191]",11717.570593518165,5654.635864292295,"[9378.102, 14225.804]",0.5585571604520501,0.05488314974550098,"[0.536, 0.584]",-115.00952810769027,103.94776737412168,"[-166.776, -77.691]",0.8730831765201579,0.1312312193198798,"[0.814, 0.925]",4.363636363636363,1.689540012709215,1.92016488431955,0.1564765340873291,"[1.851, 1.987]",0.09666666666666668,0.08750104427112862,"[0.064, 0.139]",3.95,1.5381123085406379,"[3.300, 4.650]",0.958440962305875,0.08041127191350578,"[0.924, 0.991]",0.8544762197368027,0.02040938057405902,"[0.846, 0.863]","[3.455, 5.364]"
24,Reactive,gradual_ramp,20,99.00000000000001,0.8377078165833914,"[98.625, 99.333]",0.5678910067338745,0.15668152734941876,"[0.505, 0.635]",24.05,3.4408536272574173,"[22.650, 25.500]",81.97800179211947,110.56307447169749,"[39.083, 132.473]",2140.555602303401,4779.672215372584,"[205.330, 4259.854]",5341.065506306253,5745.198096010753,"[3007.069, 7872.364]",4354.544539792117,4402.177037084174,"[2550.776, 6267.181]",0.7026015840826488,0.03232980821035274,"[0.689, 0.716]",-24.28326422776187,13.163005570357269,"[-30.097, -19.211]",0.9642909113864571,0.04637927951845669,"[0.944, 0.983]",4.375,8.097067370350823,1.374482760163216,0.06844843788591369,"[1.346, 1.405]",0.01791666666666667,0.030621605910500706,"[0.008, 0.034]",1.5,0.8944271909999159,"[1.125, 1.938]",0.4876486704895469,0.06464480919955289,"[0.462, 0.515]",0.8544713281153816,0.012208691293298211,"[0.850, 0.860]","[0.000, 12.375]"
25,Reactive,noisy,20,80.49999999999999,3.93105792049278,"[78.875, 82.208]",0.4262309480502452,0.14608827331325325,"[0.365, 0.488]",60.85,6.674972895667423,"[57.950, 63.750]",5582.30716868258,3416.355985085949,"[4187.793, 7017.629]",81883.04347055382,53218.11526653509,"[59313.017, 104087.141]",183881.14454331071,163413.60419033555,"[120473.472, 262872.171]",27320.3343855103,14388.812713687097,"[21271.810, 33521.850]",0.4859118519882063,0.016153760447241948,"[0.479, 0.493]",-243.758592765714,52.868374952897184,"[-265.885, -221.088]",0.9019387142751784,0.020135354380482695,"[0.894, 0.911]",7.549841494772906,3.6508646546444723,2.6518947094552336,0.13682866776185365,"[2.596, 2.713]",0.15333333333333332,0.02556381763215003,"[0.142, 0.164]",8.85,4.976523834332979,"[6.949, 11.050]",1.4962489584034757,0.028011725519707664,"[1.485, 1.508]",0.9534243960695402,0.010759280620128467,"[0.948, 0.958]","[6.164, 9.236]"
26,Reactive,sawtooth,20,98.45833333333334,1.2174114519236505,"[97.917, 98.958]",0.525571746763279,0.1669785043309336,"[0.457, 0.596]",42.3,7.175249858110573,"[39.400, 45.550]",144.31794557476684,176.65003839932004,"[77.363, 225.914]",4367.319013386004,5861.570675362439,"[2044.498, 6941.609]",7843.6181903039815,6772.760117516339,"[4935.519, 10721.596]",5770.517804178121,4621.50971168927,"[3736.097, 7730.003]",0.5977140450045103,0.015416780056395985,"[0.591, 0.604]",-29.10096558107108,18.29704171526243,"[-37.288, -21.583]",0.9691886158158602,0.03625685717557558,"[0.954, 0.984]",30.939393939393938,19.018598021596407,1.9404839785651506,0.0868696141280724,"[1.902, 1.980]",0.017500000000000005,0.012360330811826106,"[0.013, 0.023]",2.176470588235294,1.3339459376998315,"[1.588, 2.882]",1.0210565756580057,0.09892484758566987,"[0.981, 1.067]",0.9335576650925675,0.0064660970244596735,"[0.931, 0.936]","[20.817, 42.700]"
27,Reactive,steady,20,96.66666666666667,1.3518451760896841,"[96.083, 97.250]",0.36398996617492807,0.10649806884519727,"[0.322, 0.412]",9.1,2.6337885460422137,"[7.950, 10.200]",704.414553619675,570.2387511713606,"[474.096, 963.320]",21742.893795511205,12971.948539170575,"[16146.723, 27259.654]",24601.77680622972,13742.004076757124,"[18756.760, 30555.383]",17533.678670834397,8989.234710451929,"[13591.450, 21384.416]",0.46027575535492476,0.04583721146600819,"[0.441, 0.481]",-43.657,20.445515297724185,"[-52.840, -35.396]",0.9818099820397143,0.01149727401237847,"[0.976, 0.986]",0.0,0.0,2.0270482804232803,0.19594263592891686,"[1.943, 2.109]",0.025,0.008549819600709616,"[0.021, 0.029]",4.0,1.6222142113076254,"[3.300, 4.700]",0.2626773541438417,0.08741283825619657,"[0.226, 0.302]",0.9855390149907496,0.005241254674756757,"[0.983, 0.988]","[0.000, 0.000]"
28,RL-PPO_1M_STEPS,diurnal,20,96.16666666666669,1.190852070985627,"[95.667, 96.667]",0.5094445583234274,0.21968653098636112,"[0.422, 0.598]",16.4,4.627150993407225,"[14.400, 18.251]",1053.9304039948445,670.4949147874131,"[784.381, 1347.361]",31129.041484455876,14405.604344976835,"[25116.147, 37334.421]",35319.97754873666,14530.46454662961,"[29103.548, 41694.366]",24751.250426300663,9226.172022264069,"[20777.878, 28646.406]",0.42562621463076206,0.04215865109148519,"[0.408, 0.445]",-57.38065440858228,22.666384138589056,"[-66.779, -47.684]",0.9474686958782377,0.06833309482618138,"[0.915, 0.972]",,0.0,2.6837957702020203,0.26422952772118014,"[2.564, 2.796]",0.025833333333333337,0.007599245884408261,"[0.023, 0.029]",4.6,1.429022485182754,"[4.000, 5.200]",0.5332675767186338,0.08484903723097205,"[0.493, 0.566]",0.9831856489415085,0.005233800779468042,"[0.981, 0.985]",
29,RL-PPO_1M_STEPS,double_peak,20,94.41666666666666,3.7861319736160075,"[92.708, 95.917]",0.6773342572092759,0.15966577413744756,"[0.612, 0.744]",33.55,7.989960806174867,"[30.250, 36.900]",882.5677333263063,678.9091463028577,"[613.675, 1174.751]",21951.801543378187,12594.031397248666,"[16668.823, 27298.834]",25827.95854223959,11786.873166073621,"[20788.290, 31004.091]",14977.764778693407,7660.147700532089,"[11772.280, 18440.239]",0.49374191689293845,0.0666146373619156,"[0.466, 0.523]",-85.82438224899464,47.52445517065664,"[-106.992, -66.551]",0.9094916247101853,0.09019574449625933,"[0.870, 0.945]",4.0,0.0,2.3735904111727253,0.3110563054432446,"[2.238, 2.504]",0.055833333333333325,0.045168624933271694,"[0.038, 0.077]",7.3,5.282543247139084,"[5.150, 9.601]",0.8230375445273967,0.19597262662020637,"[0.739, 0.904]",0.9550169503882199,0.005058628683877021,"[0.953, 0.957]",
30,RL-PPO_1M_STEPS,flash_crowd,20,94.41666666666667,9.260287467277042,"[89.875, 97.583]",0.5891813606867049,0.1297740135626248,"[0.533, 0.644]",26.1,5.447355708096022,"[23.949, 28.500]",923.0847117870601,1479.0401599524184,"[392.406, 1646.702]",18506.456967304162,11982.269125943218,"[13680.282, 23793.131]",23123.517619057027,11580.819906157822,"[18492.164, 28387.350]",15352.373099666273,6905.206990193936,"[12547.620, 18495.550]",0.5748123721513136,0.07325573908575546,"[0.543, 0.606]",-84.18131695266017,120.65141386780138,"[-143.578, -42.366]",0.9500261403295189,0.06973134370450244,"[0.917, 0.977]",2.4,1.2649110640673518,1.9271182787006857,0.2375531775816611,"[1.824, 2.030]",0.08333333333333334,0.1055132263541994,"[0.041, 0.133]",3.15,1.2258187382102497,"[2.650, 3.650]",0.625121869891127,0.16756813066218468,"[0.559, 0.698]",0.890732377761862,0.017708354146838915,"[0.883, 0.898]","[1.700, 3.100]"
31,RL-PPO_1M_STEPS,gradual_ramp,20,76.54166666666666,8.250797409628772,"[72.999, 79.958]",0.4780750245534732,0.13509297285675245,"[0.421, 0.534]",24.5,6.411338640088725,"[21.850, 27.150]",2220.0558382933514,1247.6209189516935,"[1688.657, 2754.680]",19387.667235565877,6193.560154386997,"[16657.005, 21764.297]",20308.00652979949,6424.111869689131,"[17460.413, 22748.879]",8757.324021923105,3118.9631514763582,"[7390.833, 9990.265]",0.7809760106052461,0.05214770622215243,"[0.758, 0.804]",-281.3177814447008,104.79651765055534,"[-326.424, -237.929]",0.8799850629563567,0.04369065824584102,"[0.861, 0.898]",0.3333333333333333,0.5773502691896258,1.3342516170897607,0.12939017435366773,"[1.276, 1.391]",0.38875000000000004,0.10135323413771974,"[0.345, 0.432]",6.6,7.976280626431028,"[3.350, 10.151]",0.7295105431041018,0.18710677488783192,"[0.653, 0.810]",0.908886508652256,0.024913952275112037,"[0.898, 0.919]","[0.000, 1.000]"
32,RL-PPO_1M_STEPS,noisy,20,95.58333333333334,1.9137086250927522,"[94.750, 96.375]",0.900365107688123,0.1926955862232687,"[0.821, 0.981]",44.4,10.38419852214741,"[40.000, 48.500]",1619.8424054200298,1922.883522284948,"[907.029, 2505.678]",43422.1738359568,43996.57585873326,"[26686.424, 62715.800]",70161.29221117077,77271.11515258298,"[41016.938, 106903.542]",31913.490268076275,28498.624584259993,"[20806.752, 44355.366]",0.24045694109125604,0.044734833485827005,"[0.222, 0.259]",-86.29886059539558,24.85936606757894,"[-96.989, -76.255]",0.7827800973490371,0.14675062739245753,"[0.721, 0.844]",4.029007049713786,2.530828461057776,6.3435965785619715,1.094758115596234,"[5.880, 6.818]",0.03666666666666667,0.019383781729890758,"[0.029, 0.045]",5.3,2.1788456625132104,"[4.400, 6.200]",1.087288609112411,0.21447178229566005,"[0.996, 1.174]",0.9492906467385092,0.008502045149023911,"[0.946, 0.953]","[3.105, 5.262]"
33,RL-PPO_1M_STEPS,sawtooth,20,93.62499999999999,5.925185367347329,"[90.917, 96.042]",0.4892037818810692,0.18486686909540098,"[0.414, 0.567]",17.9,8.686953314870344,"[14.299, 21.700]",321.0462154607589,471.38109861480405,"[133.894, 542.015]",5548.519617333357,6065.468324313862,"[3069.863, 8254.795]",7916.192753502577,6705.488613142787,"[5080.950, 10875.528]",3270.9303823385408,2202.125070359002,"[2323.688, 4234.493]",0.6359014121632116,0.05245303358768542,"[0.613, 0.659]",-73.84436430446713,72.44473404219973,"[-107.899, -45.276]",0.9534493373825264,0.041556328324926686,"[0.936, 0.970]",11.348484848484848,14.301603357171482,1.8082251992449845,0.15014121981492684,"[1.741, 1.874]",0.18458333333333335,0.09460115567460453,"[0.143, 0.226]",2.1052631578947367,1.242521488394791,"[1.579, 2.684]",0.49088709787405194,0.33793860805098175,"[0.348, 0.638]",0.9738123013527108,0.008298543657614729,"[0.970, 0.977]","[4.227, 20.348]"
34,RL-PPO_1M_STEPS,steady,20,97.29166666666666,1.0772433412995712,"[96.833, 97.750]",0.3696574699649107,0.10986925759169985,"[0.324, 0.419]",12.25,4.037651740671472,"[10.600, 13.901]",552.3674381418052,444.5267750711037,"[379.282, 752.455]",19212.778232451477,11986.604471405517,"[14182.416, 24467.632]",24199.174334082043,12896.419208969808,"[18585.872, 29862.067]",16996.40537189895,8706.833993455164,"[13215.787, 20706.230]",0.4304366922402886,0.058411614070306234,"[0.404, 0.455]",-36.352000000000004,17.67024456983815,"[-44.211, -29.100]",0.9847092513904068,0.0108188273568414,"[0.979, 0.989]",2.0625,4.678503271041163,2.1879472552910055,0.3248801559327841,"[2.057, 2.338]",0.02,0.007836039099693787,"[0.017, 0.023]",3.25,1.292692009559488,"[2.700, 3.800]",0.43469995072779977,0.10974622534076169,"[0.383, 0.478]",0.9863692753170596,0.005786053973180657,"[0.984, 0.989]","[0.125, 5.438]"
35,RL-DQN,diurnal,20,62.91666666666667,47.371324634854986,"[43.458, 82.333]",0.3445191571689291,0.08119825775854878,"[0.312, 0.380]",20.35,15.5809431509676,"[13.548, 26.704]",822038.8979558445,1149296.651549921,"[350562.786, 1305042.419]",1973039.897537018,2726636.9101989814,"[854528.653, 3121289.488]",1977502.179229506,2725920.1070007454,"[858985.385, 3125638.312]",835404.5309303729,1139106.1356759286,"[367710.135, 1314771.063]",0.8086179340079503,0.14442180470561147,"[0.749, 0.870]",-468.45500000000004,595.9769920982909,"[-713.340, -224.169]",0.8145833333333334,0.23685662317427497,"[0.717, 0.912]",,0.0,0.9567571745384246,0.4704885133082536,"[0.756, 1.150]",0.3695833333333333,0.47473657669434105,"[0.174, 0.566]",44.5,56.84558956182598,"[21.200, 67.850]",1.0778381456383248,0.8136063045797512,"[0.733, 1.407]",0.9187022831988191,0.06158561828654586,"[0.893, 0.945]",
36,RL-DQN,double_peak,20,83.875,7.3313145147797245,"[80.625, 86.750]",0.5075406770784311,0.13348811240763098,"[0.453, 0.563]",113.8,18.520543359086133,"[106.150, 121.600]",3485.0635349660615,10081.972953097387,"[959.668, 8128.881]",40116.20340007363,77255.92572655674,"[19169.699, 76432.917]",44363.43658575826,78170.00120065594,"[23295.585, 81385.874]",12899.54014119441,25434.760437692385,"[6280.165, 24735.723]",0.81886942512534,0.01660310088064127,"[0.812, 0.826]",-193.64835790668295,101.51843885137079,"[-238.202, -152.655]",0.911822075523588,0.039612305798608596,"[0.895, 0.928]",0.5,0.7071067811865476,1.1621340564616935,0.03369811458799239,"[1.150, 1.178]",0.2554166666666667,0.05483061370101934,"[0.233, 0.280]",5.1,2.425739171122029,"[4.100, 6.200]",2.010175795325664,0.14233139541594025,"[1.953, 2.072]",0.8612736854572761,0.016381468958879805,"[0.854, 0.868]","[0.000, 1.000]"
37,RL-DQN,flash_crowd,20,88.20833333333333,21.049362410646477,"[77.875, 93.918]",0.5039138639690967,0.13968665758117832,"[0.447, 0.561]",55.65,17.08269361232682,"[47.400, 62.451]",82254.01329599657,364293.3254014289,"[643.942, 245317.880]",435340.0847919369,1857897.5994301382,"[16655.559, 1269228.702]",487023.27237662487,2068659.753044416,"[21294.076, 1414945.245]",91395.34391827439,362109.20607584313,"[9267.894, 254249.604]",0.8155901555634317,0.04527109843970413,"[0.802, 0.841]",-149.4626202656455,263.89259056667856,"[-276.931, -78.964]",0.9294500498435566,0.1067858080480704,"[0.876, 0.963]",7.533333333333333,19.798508842358615,1.150986064681702,0.2299660589442984,"[1.037, 1.214]",0.36458333333333337,0.15769434774252855,"[0.314, 0.448]",8.95,26.164409333854138,"[2.750, 20.951]",1.6752332541984327,0.3588685557205541,"[1.490, 1.781]",0.8261038692650644,0.019315089746936527,"[0.819, 0.836]","[2.067, 18.000]"
38,RL-DQN,gradual_ramp,20,98.41666666666666,2.5348448860810464,"[97.250, 99.333]",0.5075413633595143,0.14311324320173155,"[0.447, 0.568]",27.85,6.132527597723642,"[25.300, 30.700]",75.20518322489137,133.99773862708966,"[27.572, 139.749]",1712.566724719194,4380.3304663875915,"[185.990, 3813.243]",3762.0019179763776,5963.783911512706,"[1496.878, 6520.268]",1603.6467779335987,2249.740213548013,"[736.161, 2642.626]",0.8403340791738089,0.025912201674346682,"[0.829, 0.851]",-21.415158298599398,20.33457541788624,"[-30.728, -13.627]",0.9823013772167268,0.02652577188850584,"[0.970, 0.993]",3.2,6.099180272790763,1.1489196727858908,0.030874987873861948,"[1.136, 1.162]",0.35041666666666665,0.15027934515078037,"[0.286, 0.413]",1.5,1.0801234497346435,"[1.000, 2.202]",1.5189826087557905,0.14120612579246328,"[1.458, 1.580]",0.870063004830391,0.0056762121754939665,"[0.868, 0.872]","[0.000, 8.400]"
39,RL-DQN,noisy,20,73.25,18.760766889149437,"[64.000, 79.793]",0.4580344325154959,0.12500389974947462,"[0.408, 0.511]",104.25,24.88473427625861,"[92.797, 113.550]",58431.7194227688,161039.8677785211,"[5344.230, 137218.538]",347668.9449649611,764046.1039414479,"[88102.098, 725038.184]",405467.8494613582,804570.3643672889,"[130704.269, 804815.912]",90770.85439241242,192208.5050575484,"[25542.189, 185064.519]",0.5038831793626454,0.06180438612879182,"[0.481, 0.532]",-342.77692476492496,237.54833679138918,"[-459.794, -258.208]",0.8634473779029361,0.09384797469211056,"[0.818, 0.898]",7.997845829669245,2.250149237840311,2.704016712818551,0.39217153983143094,"[2.533, 2.859]",0.19375,0.07821449552315428,"[0.165, 0.232]",15.65,27.83650575470238,"[5.850, 29.300]",1.6311026195342382,0.1623820654535997,"[1.559, 1.696]",0.8641576377488146,0.05498821127116318,"[0.839, 0.885]","[7.098, 8.930]"
40,RL-DQN,sawtooth,20,97.25,3.1425675798862374,"[95.833, 98.500]",0.43740789497148524,0.136148451922318,"[0.382, 0.495]",54.15,10.080074143419884,"[50.200, 58.550]",132.7152072226209,204.55316802992408,"[58.547, 230.993]",3405.2791442420435,6482.098927980222,"[1041.768, 6423.155]",6378.6557490899195,6985.177847301292,"[3667.128, 9575.981]",2916.868522020594,2742.2441073880486,"[1790.129, 4163.775]",0.7436127538743904,0.02450616383883397,"[0.733, 0.754]",-30.904481734328318,31.556840481512534,"[-45.294, -18.169]",0.9856323076263326,0.01590278736502024,"[0.979, 0.992]",19.816666666666666,15.463307824941237,1.5712740146867952,0.053570561017766555,"[1.550, 1.594]",0.21458333333333335,0.11254872239292946,"[0.167, 0.261]",1.8125,1.2230426539304888,"[1.312, 2.438]",1.819334281014212,0.12123292897202773,"[1.767, 1.869]",0.9282715961135075,0.003840943582927115,"[0.927, 0.930]","[10.665, 28.970]"
41,RL-DQN,steady,20,92.12500000000001,21.71296504112676,"[82.083, 97.334]",0.3452581194744081,0.07927461840793587,"[0.313, 0.379]",36.9,9.973121772781923,"[32.000, 40.800]",31410.094238006695,138089.83414217219,"[418.928, 93289.529]",77751.55269055419,263375.3615053517,"[15359.264, 198001.738]",83935.23264097968,268264.52006544697,"[20647.150, 207300.764]",45921.164335006695,134833.5795844747,"[13368.432, 108266.059]",0.7247873931101518,0.06646811173243246,"[0.705, 0.759]",-98.14295863822244,273.84049178952375,"[-225.155, -32.390]",0.9606250000000003,0.10856482520563385,"[0.910, 0.987]",7.694444444444445,6.640266354213659,1.2738806216931216,0.14744146819715162,"[1.197, 1.317]",0.10541666666666664,0.21158471614288016,"[0.051, 0.205]",9.0,26.155406002543618,"[2.750, 21.051]",1.5713682876947621,0.37705369968256003,"[1.374, 1.692]",0.9562365910050368,0.028969731134682087,"[0.942, 0.968]","[4.805, 10.829]"
42,RL-QRDQN,diurnal,20,82.66666666666667,25.961904164299224,"[70.374, 92.751]",0.47226103599954605,0.23811315780686823,"[0.380, 0.577]",12.25,2.33677690757793,"[11.250, 13.250]",30760.693781565955,66146.16997943955,"[4316.775, 61900.098]",103471.6143709726,163688.1428336855,"[38994.741, 179287.109]",106502.47552572048,162364.82576961978,"[42586.362, 181557.120]",61575.41119700738,85006.63264623578,"[28272.564, 101184.036]",0.4700963935477529,0.11484856131473346,"[0.425, 0.525]",-224.7995,327.36969209097055,"[-378.895, -97.041]",0.8765512825246911,0.1348212032104221,"[0.817, 0.933]",,0.0,2.594651574120324,0.469506302668562,"[2.382, 2.792]",0.12958333333333333,0.1779815968868955,"[0.060, 0.218]",20.8,31.15428499715907,"[8.699, 35.551]",0.33516972067459255,0.09951541813006302,"[0.295, 0.378]",0.9665387464852486,0.031222997241161298,"[0.951, 0.979]",
43,RL-QRDQN,double_peak,20,86.375,15.67738295307319,"[78.999, 92.626]",0.628575387768074,0.1682599204558724,"[0.560, 0.699]",31.5,5.670793131197972,"[29.100, 34.000]",20478.442450432536,49480.70208403246,"[856.977, 43578.474]",140845.31068514826,292720.9952132917,"[21830.198, 271380.543]",146577.3779674356,299380.2157998246,"[24839.723, 279995.323]",49431.714088002765,93320.88599776434,"[11742.114, 91205.017]",0.5976501500877607,0.03818788251276198,"[0.581, 0.614]",-181.12867610642678,203.819837441982,"[-275.734, -99.329]",0.8839228103590748,0.10799071000787122,"[0.838, 0.929]",,0.0,1.894102819211818,0.1304303498108625,"[1.838, 1.952]",0.15458333333333332,0.06969414173237852,"[0.127, 0.186]",14.7,19.738021017422454,"[6.600, 23.800]",0.6843168226678592,0.09374208860971875,"[0.643, 0.723]",0.9412176861273014,0.045613441041908204,"[0.921, 0.958]",
44,RL-QRDQN,flash_crowd,20,90.62500000000001,6.676938358855292,"[87.124, 92.833]",0.66728412352416,0.2027710559433148,"[0.586, 0.750]",24.25,3.416292234510822,"[22.750, 25.650]",1109.7655954092836,1199.1968467147892,"[706.020, 1734.035]",22476.665035375554,13029.178698766704,"[17344.212, 28495.161]",25578.97657614205,12762.26589324148,"[20444.117, 31556.578]",10194.695585021042,3893.7518691549803,"[8470.220, 11859.797]",0.5749049111267492,0.06655179919651236,"[0.547, 0.605]",-132.20388813685358,92.02154653758781,"[-180.102, -101.921]",0.878028378508357,0.11958418306155419,"[0.827, 0.925]",5.846153846153846,2.0754980866510833,1.9775748931932189,0.27007251410818206,"[1.860, 2.094]",0.1179166666666667,0.09189664134264365,"[0.082, 0.163]",3.9,2.023545611570261,"[3.150, 4.950]",0.4911258877504219,0.0988550457339636,"[0.451, 0.534]",0.8715335910970292,0.023884923801695816,"[0.861, 0.882]","[4.769, 6.923]"
45,RL-QRDQN,gradual_ramp,20,93.75000000000001,2.440820013680094,"[92.667, 94.750]",0.5106018161118424,0.12970877872949674,"[0.457, 0.565]",21.9,3.3229663349420036,"[20.450, 23.200]",152.08600281417557,141.21360797170271,"[99.939, 218.486]",3856.5771200906615,4136.57863566282,"[2329.119, 5794.403]",5885.027006114248,4780.823550664212,"[3975.459, 8071.293]",1791.526332772104,1192.0671714109762,"[1317.899, 2327.244]",0.8339219980034015,0.02694830269321561,"[0.823, 0.845]",-57.771466213427814,30.74400109090613,"[-71.886, -45.598]",0.9612328504319182,0.028660303394839264,"[0.948, 0.972]",6.375,7.586995452746759,1.1555320194199934,0.036599745805726475,"[1.140, 1.171]",0.3095833333333333,0.12007170737638696,"[0.265, 0.367]",1.75,0.9665456669582609,"[1.350, 2.200]",0.6712971272544344,0.054407052360189126,"[0.648, 0.693]",0.8466899610905003,0.016747067270424857,"[0.839, 0.854]","[0.000, 12.750]"
46,RL-QRDQN,noisy,20,93.99999999999999,4.105694234377281,"[92.042, 95.708]",0.6940589827109485,0.14248715079724716,"[0.635, 0.752]",61.15,6.930292011771298,"[58.200, 64.051]",4793.838520348932,9432.335148519838,"[1595.115, 9477.162]",93281.25352692344,166594.49104062293,"[37390.910, 174737.662]",169012.89373155282,270950.2892890291,"[70579.406, 300984.317]",49187.74996746452,64026.91152924022,"[26313.407, 79959.217]",0.26657882821611756,0.05306409938857949,"[0.244, 0.289]",-94.9173072284382,49.723351581905604,"[-118.457, -74.546]",0.9048931790777491,0.08359716738699842,"[0.868, 0.938]",8.223342601393881,3.141235520902587,5.610933023670713,1.0665808543974586,"[5.164, 6.074]",0.04041666666666667,0.02392040285017416,"[0.030, 0.051]",6.55,4.382681226925146,"[4.850, 8.700]",1.993721760078675,0.16219717637769812,"[1.926, 2.059]",0.9439608625970379,0.009719993375484074,"[0.940, 0.948]","[6.909, 9.587]"
47,RL-QRDQN,sawtooth,20,92.83333333333333,2.1357442517239633,"[91.958, 93.750]",0.5779610822758512,0.1290714384502942,"[0.524, 0.634]",25.4,4.235190917215322,"[23.650, 27.301]",270.0523446486876,188.18766107635696,"[195.374, 355.946]",6835.9494649421495,4927.386059235457,"[4897.256, 9018.104]",9217.864083175347,5541.532619118171,"[7013.868, 11678.949]",3215.7338044823,1786.9045813017703,"[2490.419, 4026.231]",0.5536825244865022,0.07843922043445946,"[0.521, 0.586]",-82.00147458847229,25.691752657667436,"[-92.857, -71.334]",0.9435870663532204,0.039107745733772306,"[0.926, 0.959]",7.033333333333333,13.642720019256041,2.3626355395693626,0.5382334296873976,"[2.146, 2.599]",0.15249999999999997,0.0414556057905561,"[0.136, 0.171]",2.7,2.38636477557503,"[1.800, 3.801]",0.731467773497701,0.05973993777839508,"[0.705, 0.756]",0.8899389599216802,0.040218074113294755,"[0.873, 0.906]","[1.667, 14.867]"
48,RL-QRDQN,steady,20,96.91666666666667,1.2710220596132014,"[96.333, 97.417]",0.42392550739249685,0.15357180019576758,"[0.359, 0.488]",11.7,4.206511243549132,"[10.000, 13.500]",675.6874042196115,541.733565155171,"[461.166, 916.620]",21505.759301898506,11679.90751338552,"[16714.668, 26799.334]",25636.428383687176,12489.281595590595,"[20416.981, 31271.419]",18634.68588587647,8188.305197176432,"[15210.254, 22289.505]",0.4084250443246765,0.09017424532344114,"[0.371, 0.448]",-43.721000000000004,19.684094808272306,"[-52.205, -35.868]",0.9758981549090553,0.02934888584987795,"[0.962, 0.986]",15.466666666666665,11.341186004999654,2.486593253968254,0.6548364853065197,"[2.214, 2.768]",0.020833333333333336,0.007404360971988655,"[0.018, 0.024]",3.7,1.5252264715358452,"[3.100, 4.400]",0.28460027063649274,0.07480726499959464,"[0.253, 0.316]",0.9579944578974885,0.042621515567715956,"[0.938, 0.974]","[8.799, 22.745]"
49,RL-Ensemble,diurnal,20,96.16666666666669,1.190852070985627,"[95.667, 96.667]",0.6253623230601123,0.14734388957620456,"[0.564, 0.688]",49.1,5.857069502566513,"[46.650, 51.600]",1053.9368983898764,670.4963637077319,"[784.363, 1347.373]",31129.041484455876,14405.604344976835,"[25116.147, 37334.421]",35319.97754873666,14530.46454662961,"[29103.548, 41694.366]",24751.250426300663,9226.172022264069,"[20777.878, 28646.406]",0.38282780421555934,0.02128297853890671,"[0.374, 0.392]",-64.49265440858228,15.968167861035395,"[-70.940, -57.691]",0.9420034874857457,0.06431056288388261,"[0.912, 0.966]",,0.0,3.2414811056998554,0.200598209127203,"[3.156, 3.327]",0.026250000000000002,0.007292449832628505,"[0.023, 0.029]",4.6,1.429022485182754,"[4.000, 5.200]",1.2716789163855269,0.07081690854125468,"[1.241, 1.303]",0.9460017271086192,0.00387591849748522,"[0.944, 0.948]",
50,RL-Ensemble,double_peak,20,93.70833333333334,3.9595450592237746,"[91.874, 95.292]",0.658622330525725,0.1718579181792859,"[0.586, 0.730]",87.3,11.952097371547278,"[82.549, 92.500]",798.4069156237362,647.3876414514912,"[549.408, 1091.417]",22226.35798365392,12756.579181217945,"[16816.544, 27871.659]",26031.773864291554,12199.420772929281,"[20875.756, 31427.855]",11550.51480904234,5129.034771739452,"[9253.654, 13789.810]",0.5880177025332822,0.027689838881487572,"[0.576, 0.600]",-84.16279113908988,47.300584651074956,"[-105.452, -65.451]",0.9086467483605004,0.08939413206914285,"[0.867, 0.943]",12.0,5.656854249492381,2.0386178208085552,0.12791112853373193,"[1.984, 2.094]",0.12583333333333332,0.03725799101852973,"[0.110, 0.141]",4.4,1.8180382718454353,"[3.650, 5.151]",1.8157395223426402,0.10244650310177968,"[1.773, 1.861]",0.9553411711043683,0.0061804934493894575,"[0.953, 0.958]","[8.000, 16.000]"
51,RL-Ensemble,flash_crowd,20,95.66666666666667,6.0492617112720435,"[92.458, 97.458]",0.7226258667041053,0.19091138673430502,"[0.642, 0.799]",36.0,4.69041575982343,"[33.949, 37.900]",581.8086238952541,536.4466908909658,"[381.795, 834.343]",19184.52253944231,12311.724974990304,"[14202.482, 24748.471]",23716.122790243022,13300.682162222074,"[18313.087, 29790.554]",14234.202825253364,8072.389402975597,"[11033.892, 17997.004]",0.5055897377372018,0.06106760443992719,"[0.482, 0.532]",-71.31748254736024,77.07177599564007,"[-110.069, -48.386]",0.8892513129951801,0.11999296292790068,"[0.840, 0.937]",2.5,1.2747548783981961,2.2989457392545583,0.2610323388144826,"[2.188, 2.408]",0.08916666666666666,0.08016339308339733,"[0.060, 0.127]",3.3157894736842106,1.1572300058975777,"[2.789, 3.791]",0.8895653229616333,0.13950369511697522,"[0.831, 0.947]",0.9167711976527786,0.01785576941230414,"[0.909, 0.924]","[1.722, 3.278]"
52,RL-Ensemble,gradual_ramp,20,98.58333333333334,2.343024985328017,"[97.417, 99.417]",0.5254094325507455,0.14646343066402187,"[0.464, 0.587]",41.75,5.865824301565987,"[39.299, 44.450]",73.3838670637727,107.56947038950508,"[34.624, 125.349]",1270.8940455237712,3722.070095618606,"[40.915, 3121.141]",4734.879007018011,5037.942660807593,"[2722.926, 7025.678]",3005.6746117583566,2684.7675672989294,"[1898.916, 4089.154]",0.7936287227368657,0.027681804913962604,"[0.782, 0.805]",-24.057490860678893,22.342207319682572,"[-34.727, -15.890]",0.9781032621569274,0.032642149438945944,"[0.963, 0.991]",0.0,0.0,1.3431465172186887,0.06924259674601353,"[1.315, 1.373]",0.3341666666666666,0.12637836534814878,"[0.280, 0.388]",1.3571428571428572,0.928782731664065,"[1.000, 1.929]",1.7860711120461505,0.1320735403830042,"[1.730, 1.842]",0.9084542760351699,0.007495019961403361,"[0.905, 0.912]","[0.000, 0.000]"
53,RL-Ensemble,noisy,20,95.54166666666666,2.3920402850174174,"[94.500, 96.542]",0.7080967541214933,0.145269995132361,"[0.650, 0.771]",62.55,6.295152688253165,"[60.050, 65.401]",1890.7159137253734,2474.191727633055,"[1001.502, 3058.233]",44851.153559714534,42473.59053827312,"[28303.160, 63758.581]",88103.74335288239,136689.6680678651,"[42365.748, 156770.537]",33246.67096203591,29259.696955657146,"[21787.399, 46622.717]",0.26272175269493503,0.05090202729812424,"[0.241, 0.285]",-77.46297804878301,31.79162460936085,"[-91.165, -64.328]",0.9067818515538342,0.0870004640918811,"[0.868, 0.940]",8.908586991995485,3.076249335619343,5.4806941169920265,1.02015956782143,"[5.043, 5.919]",0.03833333333333334,0.01975729933956011,"[0.030, 0.047]",4.6,2.0104987598001385,"[3.750, 5.500]",1.9764711427680375,0.17006930392670183,"[1.904, 2.050]",0.960460605933658,0.004908000498848866,"[0.958, 0.963]","[7.633, 10.241]"
54,RL-Ensemble,sawtooth,20,97.87500000000001,2.1370273664397197,"[96.833, 98.708]",0.48820194442142045,0.1474840669189966,"[0.427, 0.550]",66.85,6.028659622346021,"[64.250, 69.400]",114.8489607805461,174.4195994266215,"[54.243, 198.426]",3152.4138757033743,6081.680434210513,"[958.943, 6025.587]",6258.407569302459,6233.611752516107,"[3956.390, 9098.535]",3302.114627673286,3293.542788803761,"[2018.684, 4859.968]",0.6668460241711961,0.029273180465930984,"[0.654, 0.679]",-28.41400750514422,21.769329526440902,"[-38.363, -19.909]",0.9818664736932659,0.022454872753033386,"[0.972, 0.991]",1.0,1.2403473458920846,1.8941802491185715,0.08777759708330314,"[1.857, 1.932]",0.1945833333333333,0.12836907112327575,"[0.140, 0.248]",1.8125,1.1672617529928753,"[1.312, 2.375]",1.915403241381993,0.08908529984856083,"[1.875, 1.951]",0.9405132944454648,0.006010750937784852,"[0.938, 0.943]","[0.429, 1.679]"
55,RL-Ensemble,steady,20,97.29166666666667,1.042762581400764,"[96.875, 97.708]",0.6240557779739103,0.19134653489951292,"[0.545, 0.702]",16.55,3.9930861300634706,"[14.850, 18.250]",543.4960943750451,404.0909904437012,"[380.488, 724.473]",19676.48935463208,11311.386476071177,"[14918.707, 24643.512]",24045.280746709206,12102.546033006,"[18996.462, 29296.212]",17301.811550408325,7773.62827101282,"[13893.581, 20555.112]",0.2942481895485237,0.038842769528052976,"[0.277, 0.312]",-48.91160103865374,16.570058896220797,"[-55.682, -41.870]",0.9359297633588713,0.07930345645784045,"[0.898, 0.966]",17.244444444444444,17.68315343325153,3.32660582010582,0.4444274783319384,"[3.131, 3.531]",0.02041666666666667,0.007392010069358474,"[0.017, 0.023]",3.25,1.2513150976809202,"[2.750, 3.750]",0.3613574805041405,0.10531259606064276,"[0.316, 0.405]",0.972169544465223,0.011330951186579827,"[0.967, 0.977]","[9.544, 26.902]"
